,question,item,Expectations of functions,Definition of variance,Properties of expectation,Expectations of famous distributions,Properties of Variance
0,1,1,1,1,0,0,0
1,1,2,1,1,0,0,0
2,1,3,1,1,0,0,0
3,2,4,0,0,1,0,0
4,2,5,0,0,1,0,0
5,2,6,0,0,1,0,0
6,2,7,0,0,1,0,0
7,2,8,0,0,1,0,0
8,2,9,0,0,1,0,0
9,2,10,0,0,1,0,0
10,2,11,0,0,1,0,0
11,3,12,0,0,0,1,0
12,3,13,0,0,0,1,0
13,3,14,0,0,0,1,0
14,4,15,0,0,1,1,0
15,4,16,0,0,1,1,0
16,4,17,0,0,1,1,0
17,4,18,0,0,1,1,0
18,4,19,0,0,1,1,0
19,4,20,0,0,1,1,0
20,4,21,0,0,1,1,0
23,5,22,0,1,0,0,0
24,5,23,0,1,0,0,0
25,5,24,0,1,0,0,0
26,6,25,0,0,0,0,1
27,6,26,0,0,0,0,1
28,6,27,0,0,0,0,1
29,6,28,0,0,0,0,1
30,6,29,0,0,0,0,1
31,6,30,0,0,0,0,1
32,6,31,0,0,0,0,1
33,6,32,0,0,0,0,1
34,6,33,0,0,0,0,1
35,6,34,0,0,0,0,1
36,7,35,0,0,1,0,1